date,fond,horizon(mois),VL (MAD),1W (%),6M (%),1A (%),2A (%),3A (%),5A (%),Catégorie
11/21/2025,FCP ATTIJARI GOLD,60,2399.98,0.46,22.75,39.1,85.98,100.54,117.95,contractuel
11/21/2025,ATTIJARI ACTIONS,60,917.8,-2.33,2.05,21.76,49.56,61.7,63.1,actions
11/21/2025,ATTIJARI AL MOUCHARAKA,60,1327.94,-1.78,1.73,23.82,55.34,59.42,65.52,actions
11/21/2025,ATTIJARI DIVIDEND FUND,60,1131.11,-2.14,1.99,18.02,40.94,52.28,53.08,actions
11/21/2025,ATTIJARI PATRIMOINE VALEURS,60,119.53,-2.47,1.31,19.2,45.47,55.62,57.25,actions
11/21/2025,FCP ATTIJARI VALEURS ESG,60,176.64,-2.26,1.76,23.74,53.79,77.3,,actions
11/21/2025,ATTIJARI DIVERSIFIE,48,715.36,-1.57,1.21,11.56,27.49,32.53,36.14,diversifié
11/21/2025,ATTIJARI PATRIMOINE DIVERSIFIE,48,5508.99,-1.74,0.43,12.62,32.54,41.03,39.52,diversifié
11/21/2025,WG OBLIGATIONS,24,176.63,-0.26,0.95,4.02,9.87,4.96,5.56,obligataire moyen et long terme
11/21/2025,ATTIJARI PATRIMOINE TAUX,24,3924.66,-0.34,-0.33,2.69,8.61,9.47,8.86,obligataire moyen et long terme
11/21/2025,PATRIMOINE OBLIGATIONS,24,423.11,-0.46,1.01,5.2,12.57,15.46,15.58,obligataire moyen et long terme
11/21/2025,ATTIJARI MINETAIRE PLUS,6,227.77,-0.07,0.94,2.48,5.65,8.67,11.46,obligataire court terme
11/21/2025,FCP CAP INSTITUTIONS,3,675412.39,-0.07,1.17,2.87,6.53,10.22,13.81,obligataire court terme
11/21/2025,OBLIDYNAMIC,6,207,-0.06,1.16,2.98,6.49,9.55,12.46,obligataire court terme
11/21/2025,ATTIJARI MONETAIRE JOUR,0.033,236.96,0.03,0.84,1.89,4.35,6.81,8.99,monétaire
11/21/2025,ATTIJARI TRESORERIE,1,5601.62,0.01,0.9,2.22,5,7.7,10.12,monétaire
11/21/2025,CAP MONETAIRE PREMIERE,1,209881.24,0.01,1.08,2.63,5.95,9.21,12.73,monétaire
11/14/2025,FCP ATTIJARI GOLD,60,2388.91,1.59,27.21,46.3,86.09,97.66,114.62,contractuel
11/14/2025,ATTIJARI ACTIONS,60,939.71,-3.32,6.21,24.76,53.13,67.37,70.32,actions
11/14/2025,ATTIJARI AL MOUCHARAKA,60,1352.03,-2.87,4.61,26.24,57.99,61.78,70.87,actions
11/14/2025,ATTIJARI DIVIDEND FUND,60,1155.82,-3.02,6.13,20.45,43.82,57.43,59.73,actions
11/14/2025,ATTIJARI PATRIMOINE VALEURS,60,122.56,-3.4,5.51,22.3,49.14,61.48,64.24,actions
11/14/2025,FCP ATTIJARI VALEURS ESG,60,180.72,-3.28,5.74,26.52,57.37,81.34,,actions
11/14/2025,ATTIJARI DIVERSIFIE,48,726.77,-1.87,3.89,13.26,29.74,35.37,39.45,diversifié
11/14/2025,ATTIJARI PATRIMOINE DIVERSIFIE,48,5606.3,-2.38,3.24,14.57,35.01,44.13,43.64,diversifié
11/14/2025,WG OBLIGATIONS,24,177.09,-0.26,1.33,4.27,10.3,5.07,5.85,obligataire moyen et long terme
11/14/2025,ATTIJARI PATRIMOINE TAUX,24,3938.04,-0.28,0.17,2.97,9.19,10,9.24,obligataire moyen et long terme
11/14/2025,PATRIMOINE OBLIGATIONS,24,425.06,-0.35,1.69,5.64,13.26,16.17,16.17,obligataire moyen et long terme
11/14/2025,ATTIJARI MONETAIRE PLUS,6,227.93,0.04,1.09,2.56,5.79,8.79,11.48,obligataire court terme
11/14/2025,FCP CAP INSTITUTIONS,3,675861.44,0.05,1.32,2.94,6.67,10.36,13.83,obligataire court terme
11/14/2025,OBLIDYNAMIC,6,207.12,0.03,1.32,3.04,6.63,9.67,12.46,obligataire court terme
11/14/2025,ATTIJARI MONETAIRE JOUR,0.033,236.88,0.03,0.85,1.9,4.37,6.79,8.97,monétaire
11/14/2025,ATTIJARI TRESORERIE,1,5601.06,0.04,0.94,2.23,5.05,7.69,10.1,monétaire
11/14/2025,CAP MONETAIRE PREMIERE,1,209858.49,0.05,1.15,2.65,6,9.2,12.71,monétaire
11/7/2025,FCP ATTIJARI GOLD,60,2351.52,-0.57,20.36,39.06,85.25,94.03,114.6,contractuel
11/7/2025,ATTIJARI ACTIONS,60,971.95,-1.77,9.33,31.05,58.43,79.19,77.46,actions
11/7/2025,ATTIJARI AL MOUCHARAKA,60,"1,392.04",-2.08,7.24,31.79,60.6,70.01,77,actions
11/7/2025,ATTIJARI DIVIDEND FUND,60,"1,191.86",-1.43,8.51,25.53,48.98,68.33,66.44,actions
11/7/2025,ATTIJARI PATRIMOINE VALEURS,60,126.88,-1.64,8.66,28.45,54.68,73.29,71.15,actions
11/7/2025,FCP ATTIJARI VALEURS ESG,60,186.85,-1.62,9.17,33.44,62.95,87.37,,actions
11/7/2025,ATTIJARI DIVERSIFIE,48,740.59,-0.94,5.85,16,32.8,39.53,42.39,diversifié
11/7/2025,ATTIJARI PATRIMOINE DIVERSIFIE,48,"5,743.11",-1.01,5.72,18.11,38.74,50.34,47.75,diversifié
11/7/2025,WG OBLIGATIONS,24,177.56,0.2,1.83,4.64,10.85,4.84,5.97,obligataire moyen et long terme
11/7/2025,ATTIJARI PATRIMOINE TAUX,24,"3,949.04",0.1,0.69,3.41,9.72,9.84,9.31,obligataire moyen et long terme
11/7/2025,PATRIMOINE OBLIGATIONS,24,426.55,0.1,2.21,6.12,13.95,16.05,16.3,obligataire moyen et long terme
11/7/2025,ATTIJARI MINETAIRE PLUS,6,227.84,0.07,1.11,2.58,5.82,8.55,11.47,obligataire court terme
11/7/2025,FCP CAP INSTITUTIONS,3,675530.67,0.08,1.33,2.97,6.72,10.04,13.8,obligataire court terme
11/7/2025,OBLIDYNAMIC,6,207.05,0.1,1.39,3.09,6.68,9.35,12.45,obligataire court terme
11/7/2025,ATTIJARI MONETAIRE JOUR,0.033,236.81,0.03,0.86,1.92,4.39,6.81,8.94,monétaire
11/7/2025,ATTIJARI TRESORERIE,1,5599.1,0.05,0.95,2.25,5.06,7.69,10.08,monétaire
11/7/2025,CAP MONETAIRE PREMIERE,1,209762.52,0.06,1.16,2.67,6.01,9.23,12.68,monétaire
10/31/2025,FCP ATTIJARI GOLD,60,2364.91,-1.75,23.64,37.78,81.17,100.21,110.43,contractuel
10/31/2025,ATTIJARI ACTIONS,60,989.48,1.34,13.13,37.14,60.59,76.99,84.11,actions
10/31/2025,ATTIJARI AL MOUCHARAKA,60,1421.58,1.41,11.14,37.76,63.99,68.62,83,actions
10/31/2025,ATTIJARI DIVIDEND FUND,60,1209.11,1.05,11.69,30.81,50.25,64.36,71.82,actions
10/31/2025,ATTIJARI PATRIMOINE VALEURS,60,128.99,1.38,12.19,34.17,56.52,70.69,77.41,actions
10/31/2025,FCP ATTIJARI VALEURS ESG,60,189.92,0.83,12.58,39.55,65.03,90.36,,actions
10/31/2025,ATTIJARI DIVERSIFIE,48,747.63,0.89,7.61,18.52,33.91,39.3,44.95,diversifié
10/31/2025,ATTIJARI PATRIMOINE DIVERSIFIE,48,5801.69,0.9,8.03,21.4,39.86,48.72,50.51,diversifié
10/31/2025,WG OBLIGATIONS,24,177.21,0.13,1.84,4.52,10.76,4.6,5.8,obligataire moyen et long terme
10/31/2025,ATTIJARI PATRIMOINE TAUX,24,3945.09,0.18,0.77,3.42,9.71,9.56,9.23,obligataire moyen et long terme
10/31/2025,PATRIMOINE OBLIGATIONS,24,426.12,0.26,2.32,6.15,13.94,16.07,16.24,obligataire moyen et long terme
10/31/2025,ATTIJARI MINETAIRE PLUS,6,227.67,0.05,1.06,2.56,5.81,8.45,11.39,obligataire court terme
10/31/2025,FCP CAP INSTITUTIONS,3,674998.25,0.06,1.28,2.95,6.72,9.96,13.71,obligataire court terme
10/31/2025,OBLIDYNAMIC,6,206.85,0.06,1.35,3.05,6.66,9.21,12.34,obligataire court terme
10/31/2025,ATTIJARI MONETAIRE JOUR,0.033,236.73,0.03,0.86,1.92,4.4,6.8,8.92,monétaire
10/31/2025,ATTIJARI TRESORERIE,1,5596.13,0.04,0.94,2.25,5.06,7.59,10.03,monétaire
10/31/2025,CAP MONETAIRE PREMIERE,1,209643.17,0.04,1.16,2.67,6.01,9.12,12.64,monétaire
10/24/2025,FCP ATTIJARI GOLD,60,2407.04,-2.06,24.67,40.26,84.87,109.16,114.24,contractuel
10/24/2025,ATTIJARI ACTIONS,60,976.43,4.8,12.97,35.96,58.43,72.74,79.33,actions
10/24/2025,ATTIJARI AL MOUCHARAKA,60,1401.75,3.78,10.39,36.42,61.81,64.73,79.35,actions
10/24/2025,ATTIJARI DIVIDEND FUND,60,1196.51,4.35,11.48,29.88,48.52,60.72,68.07,actions
10/24/2025,ATTIJARI PATRIMOINE VALEURS,60,127.23,4.85,12.12,32.78,54.31,66.84,72.81,actions
10/24/2025,FCP ATTIJARI VALEURS ESG,60,188.35,5.04,12.15,38.87,63.61,88.69,,actions
10/24/2025,ATTIJARI DIVERSIFIE,48,741.03,2.3,7.51,17.71,32.87,37.52,42.85,diversifié
10/24/2025,ATTIJARI PATRIMOINE DIVERSIFIE,48,5750.17,3.16,7.66,20.5,38.66,46.48,48.33,diversifié
10/24/2025,WG OBLIGATIONS,24,176.98,0.12,1.84,4.47,10.67,4.52,5.72,obligataire moyen et long terme
10/24/2025,ATTIJARI PATRIMOINE TAUX,24,3938.13,0.04,0.71,3.29,9.59,9.3,9.06,obligataire moyen et long terme
10/24/2025,PATRIMOINE OBLIGATIONS,24,425.03,0.14,2.28,5.96,13.72,15.39,15.81,obligataire moyen et long terme
10/24/2025,ATTIJARI MINETAIRE PLUS,6,227.55,0.03,1.07,2.57,5.81,8.37,11.39,obligataire court terme
10/24/2025,FCP CAP INSTITUTIONS,3,674608.34,0.03,1.3,2.96,6.72,9.81,13.7,obligataire court terme
10/24/2025,OBLIDYNAMIC,6,206.73,0.02,1.37,3.06,6.66,9.08,12.33,obligataire court terme
10/24/2025,ATTIJARI MONETAIRE JOUR,0.033,236.65,0.03,0.87,1.94,4.41,6.8,8.9,monétaire
10/24/2025,ATTIJARI TRESORERIE,1,5593.92,0.03,0.95,2.26,5.07,7.58,10.02,monétaire
10/24/2025,CAP MONETAIRE PREMIERE,1,209552.24,0.04,1.17,2.69,6.02,9.13,12.65,monétaire
10/17/2025,FCP ATTIJARI GOLD,60,2457.62,6.25,26.16,43.66,87.62,111.88,117.59,contractuel
10/17/2025,ATTIJARI ACTIONS,60,931.67,-0.38,8.19,30.47,48.04,63.18,72.91,actions
10/17/2025,ATTIJARI AL MOUCHARAKA,60,1350.66,-0.64,6.74,32.27,53.32,58.25,75.19,actions
10/17/2025,ATTIJARI DIVIDEND FUND,60,1146.61,-0.47,7.24,25.21,39.39,52.41,62.62,actions
10/17/2025,ATTIJARI PATRIMOINE VALEURS,60,121.35,-0.32,7.46,27.56,44.16,56.99,66.39,actions
10/17/2025,FCP ATTIJARI VALEURS ESG,60,179.31,-0.43,7.09,33.01,52.54,79.56,,actions
10/17/2025,ATTIJARI DIVERSIFIE,48,724.39,-0.26,5.45,15.23,28.87,33.97,40.07,diversifié
10/17/2025,ATTIJARI PATRIMOINE DIVERSIFIE,48,5574.3,-0.3,4.75,17.24,32.86,40.76,44.86,diversifié
10/17/2025,WG OBLIGATIONS,24,176.76,-0.14,1.84,4.47,10.7,4.33,5.68,obligataire moyen et long terme
10/17/2025,ATTIJARI PATRIMOINE TAUX,24,3936.49,-0.23,0.76,3.35,9.62,9.26,9.07,obligataire moyen et long terme
10/17/2025,PATRIMOINE OBLIGATIONS,24,424.44,-0.11,2.34,5.94,13.69,15.31,15.74,obligataire moyen et long terme
10/17/2025,ATTIJARI MINETAIRE PLUS,6,227.49,0.04,1.11,2.61,5.88,8.28,11.41,obligataire court terme
10/17/2025,FCP CAP INSTITUTIONS,3,674395.94,0.09,1.34,3,6.79,9.83,13.72,obligataire court terme
10/17/2025,OBLIDYNAMIC,6,206.68,0.02,1.42,3.11,6.75,9.03,12.36,obligataire court terme
10/17/2025,ATTIJARI MONETAIRE JOUR,0.033,236.57,0.03,0.87,1.95,4.43,6.79,8.88,monétaire
10/17/2025,ATTIJARI TRESORERIE,1,5592.16,0.03,0.96,2.28,5.1,7.55,10.02,monétaire
10/17/2025,CAP MONETAIRE PREMIERE,1,209477.08,0.06,1.18,2.72,6.06,9.1,12.65,monétaire
10/10/2025,FCP ATTIJARI GOLD,60,2312.99,2.87,21.45,39.83,84.86,98.78,102.81,contractuel
10/10/2025,ATTIJARI ACTIONS,60,935.25,-1.49,16.89,30.56,47.92,57.51,75.77,actions
10/10/2025,ATTIJARI AL MOUCHARAKA,60,1359.33,-1.38,14.84,33.01,53.73,53.2,78.02,actions
10/10/2025,ATTIJARI DIVIDEND FUND,60,1152.05,-1.38,15.61,25.1,39.65,46.86,64.95,actions
10/10/2025,ATTIJARI PATRIMOINE VALEURS,60,121.74,-1.49,15.63,27.5,43.8,51.76,68.97,actions
10/10/2025,FCP ATTIJARI VALEURS ESG,60,180.09,-1.42,14.01,33.61,52.46,80.25,,actions
10/10/2025,ATTIJARI DIVERSIFIE,48,726.28,-0.83,9.13,15.62,28.92,32.54,41.13,diversifié
10/10/2025,ATTIJARI PATRIMOINE DIVERSIFIE,48,5591.34,-0.97,8.48,17.53,32.95,38.07,46.02,diversifié
10/10/2025,WG OBLIGATIONS,24,177,-0.07,2.21,4.75,10.93,4.71,5.87,obligataire moyen et long terme
10/10/2025,ATTIJARI PATRIMOINE TAUX,24,3945.5,-0.1,1.22,3.7,9.93,9.57,9.34,obligataire moyen et long terme
10/10/2025,PATRIMOINE OBLIGATIONS,24,424.89,-0.17,3.1,6.19,13.88,15.42,15.91,obligataire moyen et long terme
10/10/2025,ATTIJARI MINETAIRE PLUS,6,227.39,0,1.11,2.65,5.9,8.27,11.41,obligataire court terme
10/10/2025,FCP CAP INSTITUTIONS,3,673805.91,0.01,1.29,3,6.77,9.79,13.65,obligataire court terme
10/10/2025,OBLIDYNAMIC,6,206.63,0.02,1.43,3.17,6.8,9.06,12.37,obligataire court terme
10/10/2025,ATTIJARI MONETAIRE JOUR,0.033,236.49,0.03,0.87,1.96,4.44,6.79,8.86,monétaire
10/10/2025,ATTIJARI TRESORERIE,1,5590.37,0.04,0.97,2.31,5.12,7.56,9.99,monétaire
10/10/2025,CAP MONETAIRE PREMIERE,1,209346.87,0.03,1.17,2.73,6.06,9.08,12.61,monétaire
10/3/2025,FCP ATTIJARI GOLD,60,"2,248.54",3.25,21.47,36.22,88.19,89.18,98.22,contractuel
10/3/2025,ATTIJARI ACTIONS,60,949.41,-2.69,10.43,31.86,49.21,56.21,81.12,actions
10/3/2025,ATTIJARI AL MOUCHARAKA,60,"1,378.30",-2.54,9.99,33.75,55.91,52.31,81.96,actions
10/3/2025,ATTIJARI DIVIDEND FUND,60,"1,168.21",-2.32,9.51,26.39,40.34,45.61,69.30,actions
10/3/2025,ATTIJARI PATRIMOINE VALEURS,60,123.58,-3.05,9.31,28.86,44.84,50.62,73.85,actions
10/3/2025,FCP ATTIJARI VALEURS ESG,60,182.68,-2.66,9.94,34.80,53.80,82.77,,actions
10/3/2025,ATTIJARI DIVERSIFIE,48,732.35,-1.51,6.32,16.56,29.64,32.50,43.29,diversifié
10/3/2025,ATTIJARI PATRIMOINE DIVERSIFIE,48,"5,645.84",-1.79,5.70,18.35,33.75,37.77,48.34,diversifié
10/3/2025,WG OBLIGATIONS,24,177.13,-0.03,2.22,4.94,11.03,4.79,5.98,obligataire moyen et long terme
10/3/2025,ATTIJARI PATRIMOINE TAUX,24,"3,949.32",-0.05,1.32,3.88,10.00,9.59,9.45,obligataire moyen et long terme
10/3/2025,PATRIMOINE OBLIGATIONS,24,425.63,-0.10,2.90,6.52,14.11,13.47,16.06,obligataire moyen et long terme
10/3/2025,ATTIJARI MINETAIRE PLUS,6,227.38,0.05,1.13,2.69,5.93,8.32,11.43,obligataire court terme
10/3/2025,FCP CAP INSTITUTIONS,3,"673,764.54",0.08,1.31,3.05,6.81,9.84,13.68,obligataire court terme
10/3/2025,OBLIDYNAMIC,6,206.58,0.04,1.45,3.20,6.81,9.06,12.39,obligataire court terme
10/3/2025,ATTIJARI MONETAIRE JOUR,0.033,236.41,0.03,0.87,1.97,4.45,6.78,8.84,monétaire
10/3/2025,ATTIJARI TRESORERIE,1,"5,588.27",0.02,0.97,2.30,5.13,7.54,9.98,monétaire
10/3/2025,CAP MONETAIRE PREMIERE,1,"209,274.57",0.04,1.18,2.74,6.08,9.09,12.61,monétaire
