date,fond,horizon(mois),VL (MAD),1W (%),6M (%),1A (%),2A (%),3A (%),5A (%),Catégorie,perf_1A_norm,perf_3A_norm,perf_5A_norm,score_performance,volatilite,vola_norm,score_risque,raroc_raw,raroc_norm,score_raroc,score_global
11/21/2025,FCP ATTIJARI GOLD,60.0,2399.98,0.46,22.75,39.1,85.98,100.54,117.95,contractuel,0.8378743526232831,0.894560669456067,1.0,0.8873053771484616,2.735,0.3005932010038786,0.6994067989961215,459.9821428571429,1.0,1.0,0.8647441905582212  FCP ATTIJARI VALEURS ESG
11/7/2025,FCP ATTIJARI GOLD,60.0,2351.52,-0.57,20.36,39.06,85.25,94.03,114.6,contractuel,0.8369736545823014,0.8340306834030684,0.9701930776759499,0.8627346478472612,2.606,0.28587725302304356,0.7141227469769564,369.68656716417917,0.7876136820758493,0.7876136820758493,0.7956147878547462
10/17/2025,ATTIJARI ACTIONS,60.0,931.67,-0.38,8.19,30.47,48.04,63.18,72.91,actions,0.6435487502814682,0.5471873547187355,0.5992526025447104,0.6057811020652968,1.1989999999999998,0.12537075062742412,0.8746292493725759,347.0,0.7342520812514313,0.7342520812514313,0.7249768400133209
10/17/2025,ATTIJARI PATRIMOINE VALEURS,60.0,121.35,-0.32,7.46,27.56,44.16,56.99,66.39,actions,0.578022967800045,0.4896327289632729,0.5412403238722306,0.5441493673634505,1.066,0.11019849418206709,0.8898015058179329,359.38095238095235,0.7633736065133785,0.7633736065133785,0.7136122806447737
10/17/2025,ATTIJARI AL MOUCHARAKA,60.0,1350.66,-0.64,6.74,32.27,53.32,58.25,75.19,actions,0.6840801621256475,0.501348210134821,0.6195391049025715,0.6163523650837843,1.314,0.13848961898243212,0.8615103810175679,223.93243243243245,0.4447820011177699,0.4447820011177699,0.6384286606741151
11/14/2025,FCP ATTIJARI GOLD,60.0,2388.91,1.59,27.21,46.3,86.09,97.66,114.62,contractuel,1.0,0.8677824267782427,0.9703710294510189,0.9544089339236765,4.311,0.48037873602555325,0.5196212639744467,153.0059171597633,0.27795409945871796,0.27795409945871796,0.6210361825994201
10/17/2025,ATTIJARI DIVIDEND FUND,60.0,1146.61,-0.47,7.24,25.21,39.39,52.41,62.62,actions,0.5251069578923666,0.44704788470478846,0.5076964142717324,0.4982071272119663,1.194,0.12480036504677162,0.8751996349532284,246.03508771929828,0.4967701692721703,0.4967701692721703,0.6108737921524061
10/31/2025,ATTIJARI ACTIONS,60.0,989.48,1.34,13.13,37.14,60.59,76.99,84.11,actions,0.7937401486151768,0.6755927475592748,0.698905596583326,0.739329017892036,2.6530000000000005,0.2912388774811773,0.7087611225188226,137.66666666666666,0.2418742925917368,0.2418742925917368,0.5809222316899822
10/24/2025,FCP ATTIJARI GOLD,60.0,2407.04,-2.06,24.67,40.26,84.87,109.16,114.24,contractuel,0.8639945958117542,0.9747094374709439,0.9669899457247085,0.9178081182921021,4.527,0.5050193931097422,0.4949806068902578,122.0648148148148,0.20517681497799004,0.20517681497799004,0.5771704738773152
10/31/2025,FCP ATTIJARI GOLD,60.0,2364.91,-1.75,23.64,37.78,81.17,100.21,110.43,contractuel,0.8081513172708851,0.8914923291492329,0.9330901325740726,0.8581413838950269,4.114,0.45790554414784396,0.5420944558521561,134.28108108108108,0.23391097820981596,0.23391097820981596,0.5760581837766023
10/17/2025,ATTIJARI PATRIMOINE DIVERSIFIE,48.0,5574.3,-0.3,4.75,17.24,32.86,40.76,44.86,diversifié,0.34564287322675075,0.3387261738726174,0.34967523801049916,0.34437433637726045,0.7749999999999999,0.07700205338809035,0.9229979466119096,257.15,0.5229138122494875,0.5229138122494875,0.5715232622093234
10/31/2025,ATTIJARI AL MOUCHARAKA,60.0,1421.58,1.41,11.14,37.76,63.99,68.62,83.0,actions,0.8077009682503941,0.5977684797768481,0.6890292730669989,0.7209868826716512,2.524,0.27652292950034224,0.7234770704996578,125.41721854304636,0.21306208154360076,0.21306208154360076,0.5693564986816382
10/31/2025,ATTIJARI DIVIDEND FUND,60.0,1209.11,1.05,11.69,30.81,50.25,64.36,71.82,actions,0.6512046836298131,0.5581589958158996,0.5895542308034523,0.6109608867203669,2.2190000000000003,0.24172940908053847,0.7582705909194616,145.2086956521739,0.259614073900135,0.259614073900135,0.5497497541340257
10/31/2025,ATTIJARI PATRIMOINE VALEURS,60.0,128.99,1.38,12.19,34.17,56.52,70.69,77.41,actions,0.7268633190722812,0.6170153417015342,0.6392917519352256,0.676394612433646,2.5989999999999998,0.28507871321013,0.71492128678987,123.15540540540539,0.2077420184015318,0.2077420184015318,0.547356836530879
10/17/2025,ATTIJARI DIVERSIFIE,48.0,724.39,-0.26,5.45,15.23,28.87,33.97,40.07,diversifié,0.3003827966674173,0.27559274755927476,0.30705578788148413,0.2942803801777879,0.805,0.08042436687200549,0.9195756331279945,247.97222222222226,0.5013265482668492,0.5013265482668492,0.5439828064895683
11/7/2025,ATTIJARI ACTIONS,60.0,971.95,-1.77,9.33,31.05,58.43,79.19,77.46,actions,0.6566088718757037,0.696048349604835,0.6397366313728979,0.665066267093882,2.7030000000000003,0.29694273328770254,0.7030572667122974,100.37433155080213,0.15415812619855693,0.15415812619855693,0.5231911247108091
10/10/2025,FCP ATTIJARI GOLD,60.0,2312.99,2.87,21.45,39.83,84.86,98.78,102.81,contractuel,0.8543120918712003,0.8781961878196188,0.8652905062728001,0.8636730035360458,5.015000000000001,0.5606890257814283,0.4393109742185717,81.28619528619528,0.10926047815587203,0.10926047815587203,0.5100406371267514
11/7/2025,ATTIJARI PATRIMOINE VALEURS,60.0,126.88,-1.64,8.66,28.45,54.68,73.29,71.15,actions,0.5980634992118893,0.6411901441190145,0.5835928463386424,0.6081073621093774,2.506,0.27446954140999313,0.7255304585900069,99.36206896551725,0.1517771598930529,0.1517771598930529,0.5064352303886689
10/10/2025,ATTIJARI AL MOUCHARAKA,60.0,1359.33,-1.38,14.84,33.01,53.73,53.2,78.02,actions,0.70074307588381,0.4543933054393306,0.6447192810748288,0.6156333857886699,2.864,0.3153091489847136,0.6846908510152864,110.96621621621622,0.17907154379073106,0.17907154379073106,0.5053820727572731
11/7/2025,ATTIJARI AL MOUCHARAKA,60.0,"1,392.04",-2.08,7.24,31.79,60.6,70.01,77.0,actions,0.6732717856338662,0.6106927010692702,0.635643740546312,0.6469724512469767,2.8040000000000003,0.30846452201688346,0.6915354779831165,82.01834862385321,0.11098259300311325,0.11098259300311325,0.4995444017946596
11/7/2025,ATTIJARI DIVIDEND FUND,60.0,"1,191.86",-1.43,8.51,25.53,48.98,68.33,66.44,actions,0.5323125422202207,0.595072059507206,0.541685203309903,0.5530149296242527,2.2809999999999997,0.24880219028062966,0.7511978097193703,104.77124183006536,0.1645002008493788,0.1645002008493788,0.49591537502032584
10/10/2025,ATTIJARI ACTIONS,60.0,935.25,-1.49,16.89,30.56,47.92,57.51,75.77,actions,0.6455753208736772,0.494467689446769,0.6246997063795712,0.5960679085467835,3.1790000000000003,0.3512434405658225,0.6487565594341775,103.04402515723268,0.160437574451741,0.160437574451741,0.4811854035844889
10/31/2025,ATTIJARI PATRIMOINE DIVERSIFIE,48.0,5801.69,0.9,8.03,21.4,39.86,48.72,50.51,diversifié,0.43931546948885386,0.4127382612738261,0.3999466144674793,0.4234685360200706,1.7029999999999998,0.18286561715719823,0.8171343828428017,120.63,0.2018019537726333,0.2018019537726333,0.47506831539265876
11/21/2025,ATTIJARI AL MOUCHARAKA,60.0,1327.94,-1.78,1.73,23.82,55.34,59.42,65.52,actions,0.49380770096825044,0.5122268712226872,0.533499421656731,0.5072717961822776,1.953,0.21138489618982434,0.7886151038101756,79.12765957446807,0.1041833362427356,0.1041833362427356,0.4707482504887844
10/10/2025,FCP CAP INSTITUTIONS,3.0,673805.91,0.01,1.29,3.0,6.77,9.79,13.65,obligataire court terme,0.024994370637243864,0.0507670850767085,0.07198149301539283,0.04212360944471305,0.139,0.0044490075290896675,0.9955509924709103,240.36363636363635,0.48343021699354694,0.48343021699354694,0.4605438066172224
10/3/2025,FCP ATTIJARI GOLD,60.0,"2,248.54",3.25,21.47,36.22,88.19,89.18,98.22,contractuel,0.7730240936725963,0.788935378893538,0.8244505738944746,0.7880827752832544,5.397,0.6042664841432809,0.3957335158567191,66.75223880597015,0.07507482201474391,0.07507482201474391,0.4564756114747407
10/3/2025,ATTIJARI AL MOUCHARAKA,60.0,"1,378.30",-2.54,9.99,33.75,55.91,52.31,81.96,actions,0.7174059896419727,0.4461180846118085,0.6797757807634132,0.6284935763572115,3.539,0.39231120237280404,0.607688797627196,63.643939393939384,0.06776371887308177,0.06776371887308177,0.4540331854929679
10/10/2025,ATTIJARI PATRIMOINE VALEURS,60.0,121.74,-1.49,15.63,27.5,43.8,51.76,68.97,actions,0.5766719207385724,0.4410041841004184,0.564196102856126,0.5334764361706369,3.053,0.33686972393337894,0.6631302760666211,93.22641509433961,0.13734534611086305,0.13734534611086305,0.45353326112150005
11/7/2025,ATTIJARI PATRIMOINE DIVERSIFIE,48.0,"5,743.11",-1.01,5.72,18.11,38.74,50.34,47.75,diversifié,0.36523305561810404,0.42780102278010235,0.3753892695079633,0.3860346885446754,1.5819999999999999,0.16906228610540724,0.8309377138945928,104.68468468468468,0.1642966077801022,0.1642966077801022,0.4529841719202787
11/21/2025,CAP MONETAIRE PREMIERE,1.0,209881.24,0.01,1.08,2.63,5.95,9.21,12.73,monétaire,0.016662913758162576,0.04537424453742447,0.06379571136222084,0.034702872512752794,0.11800000000000001,0.002053388090349077,0.997946611909651,223.36363636363637,0.4434441226915654,0.4434441226915654,0.44629836938546597
10/10/2025,ATTIJARI MINETAIRE PLUS,6.0,227.39,0.0,1.11,2.65,5.9,8.27,11.41,obligataire court terme,0.01711326277865346,0.036634123663412364,0.05205089420766972,0.029957047329884384,0.11100000000000002,0.0012548482774355479,0.9987451517225645,223.29999999999998,0.4432944421246595,0.4432944421246595,0.4445946970861209
11/7/2025,PATRIMOINE OBLIGATIONS,24.0,426.55,0.1,2.21,6.12,13.95,16.05,16.3,obligataire moyen et long terme,0.09524881783382122,0.10897257089725712,0.09556010321202957,0.09942820082849366,0.321,0.025211042664841435,0.9747889573351586,192.35,0.37049622926311077,0.37049622926311077,0.44335683631087824
10/3/2025,ATTIJARI ACTIONS,60.0,949.41,-2.69,10.43,31.86,49.21,56.21,81.12,actions,0.6748480072055844,0.4823802882380289,0.672301806210517,0.6165984513163043,3.7329999999999997,0.4144421629021218,0.5855578370978782,60.6415770609319,0.06070179279211976,0.06070179279211976,0.4405172694935211
10/10/2025,ATTIJARI DIVIDEND FUND,60.0,1152.05,-1.38,15.61,25.1,39.65,46.86,64.95,actions,0.5226300382796668,0.39544397954439797,0.5284277960672659,0.485633772216606,2.941,0.3240930869267625,0.6759069130732376,92.50675675675677,0.1356526210431104,0.1356526210431104,0.4377213691215468
10/31/2025,ATTIJARI DIVERSIFIE,48.0,747.63,0.89,7.61,18.52,33.91,39.3,44.95,diversifié,0.3744652105381671,0.32515109251510926,0.3504760209983095,0.35487313722327823,1.651,0.17693360711841205,0.823066392881588,103.8080808080808,0.1622347274697866,0.1622347274697866,0.43753959099472367
10/10/2025,OBLIDYNAMIC,6.0,206.63,0.02,1.43,3.17,6.8,9.06,12.37,obligataire court terme,0.028822337311416348,0.04397954439795445,0.060592579410979626,0.03972354785729043,0.16299999999999998,0.007186858316221763,0.9928131416837782,205.0,0.4002505876701735,0.4002505876701735,0.4338085379491017
10/24/2025,FCP CAP INSTITUTIONS,3.0,674608.34,0.03,1.3,2.96,6.72,9.81,13.7,obligataire court terme,0.0240936725962621,0.05095304509530451,0.07242637245306521,0.041818024317335445,0.16,0.006844626967830255,0.9931553730321697,203.6153846153846,0.3969938017089262,0.3969938017089262,0.43377196214926295
10/17/2025,OBLIDYNAMIC,6.0,206.68,0.02,1.42,3.11,6.75,9.03,12.36,obligataire court terme,0.027471290249943707,0.04370060437006044,0.060503603523445144,0.038946547140679015,0.16199999999999998,0.007072781200091258,0.9929272187999088,204.16666666666666,0.39829048500831166,0.39829048500831166,0.4329439299987377
10/24/2025,OBLIDYNAMIC,6.0,206.73,0.02,1.37,3.06,6.66,9.08,12.33,obligataire court terme,0.026345417698716504,0.04416550441655045,0.060236675860841714,0.03846969534649173,0.157,0.006502395619438743,0.9934976043805612,203.91666666666663,0.39770245420975303,0.39770245420975303,0.43274789571569094
10/3/2025,PATRIMOINE OBLIGATIONS,24.0,425.63,-0.1,2.9,6.52,14.11,13.47,16.06,obligataire moyen et long terme,0.10425579824363884,0.08498372849837288,0.09342468191120207,0.0963079540535717,0.39,0.03308236367784623,0.9669176363221538,180.24999999999997,0.34203553861287683,0.34203553861287683,0.4312091341019379
10/17/2025,PATRIMOINE OBLIGATIONS,24.0,424.44,-0.11,2.34,5.94,13.69,15.31,15.74,obligataire moyen et long terme,0.09119567664940331,0.10209205020920503,0.09057745351009877,0.09434094408948293,0.344,0.027834816335843025,0.9721651836641569,176.14285714285714,0.33237503263655777,0.33237503263655777,0.4290984425260076
11/21/2025,ATTIJARI ACTIONS,60.0,917.8,-2.33,2.05,21.76,49.56,61.7,63.1,actions,0.4474217518576898,0.5334263133426314,0.5119672568733874,0.4861322213063118,2.535,0.2777777777777778,0.7222222222222222,60.312757201646086,0.05992836797436876,0.05992836797436876,0.42909806558150204
11/14/2025,OBLIDYNAMIC,6.0,207.12,0.03,1.32,3.04,6.63,9.67,12.46,obligataire court terme,0.02589506867822563,0.04965132496513249,0.061393362398789945,0.04012160430841055,0.162,0.0070727812000912615,0.9929272187999088,193.6153846153846,0.37347256976658405,0.37347256976658405,0.42596857829331203
11/14/2025,ATTIJARI AL MOUCHARAKA,60.0,1352.03,-2.87,4.61,26.24,57.99,61.78,70.87,actions,0.548299932447647,0.5341701534170153,0.5811015214876769,0.5506213165464635,3.331,0.36858316221765913,0.6314168377823408,53.49831649831649,0.04389996394033355,0.04389996394033355,0.4228435671353877
10/24/2025,ATTIJARI AL MOUCHARAKA,60.0,1401.75,3.78,10.39,36.42,61.81,64.73,79.35,actions,0.7775275838775052,0.5615992561599257,0.6565530741169143,0.6885541836101132,4.819,0.5383299110198494,0.4616700889801506,46.52061855670103,0.027487558769499515,0.027487558769499515,0.4221689677689403
11/7/2025,ATTIJARI DIVERSIFIE,48.0,740.59,-0.94,5.85,16.0,32.8,39.53,42.39,diversifié,0.3177212339563162,0.32728963272896333,0.32769819378948306,0.32258714555474366,1.525,0.1625598904859685,0.8374401095140315,94.15384615384615,0.13952677821698156,0.13952677821698156,0.4221249245412014
10/10/2025,ATTIJARI PATRIMOINE DIVERSIFIE,48.0,5591.34,-0.97,8.48,17.53,32.95,38.07,46.02,diversifié,0.35217293402386857,0.31371455137145515,0.3599964409644986,0.3422001206162706,1.818,0.19598448551220626,0.8040155144877937,94.97196261682242,0.14145108892513292,0.14145108892513292,0.4205200292703862
10/10/2025,CAP MONETAIRE PREMIERE,1.0,209346.87,0.03,1.17,2.73,6.06,9.08,12.61,monétaire,0.01891465886061698,0.04416550441655045,0.06272800071180709,0.03525258089763504,0.147,0.005361624458133698,0.9946383755418663,187.84615384615384,0.35990262826138675,0.35990262826138675,0.4204633335000299
11/14/2025,FCP CAP INSTITUTIONS,3.0,675861.44,0.05,1.32,2.94,6.67,10.36,13.83,obligataire court terme,0.023643323575771223,0.056066945606694556,0.07358305899101344,0.04335835726809667,0.182,0.009354323522701347,0.9906456764772986,180.86666666666665,0.3434860145826546,0.3434860145826546,0.4175828502252246
10/24/2025,PATRIMOINE OBLIGATIONS,24.0,425.03,0.14,2.28,5.96,13.72,15.39,15.81,obligataire moyen et long terme,0.09164602566989419,0.10283589028358905,0.09120028472284011,0.09491383686459183,0.368,0.030572667122975128,0.9694273328770249,154.83333333333334,0.2822524074260907,0.2822524074260907,0.4134694568367714
10/3/2025,OBLIDYNAMIC,6.0,206.58,0.04,1.45,3.2,6.81,9.06,12.39,obligataire court terme,0.029497860842152675,0.04397954439795445,0.06077053118604859,0.04009689997767239,0.185,0.009696554871092859,0.9903034451289071,176.07142857142858,0.33220702383696965,0.33220702383696965,0.41279190068083194
11/21/2025,ATTIJARI TRESORERIE,1.0,5601.62,0.01,0.9,2.22,5.0,7.7,10.12,monétaire,0.00743075883809953,0.03133426313342632,0.04057300471572204,0.021230259302222068,0.09999999999999999,0.0,1.0,182.1818181818182,0.34657941296537476,0.34657941296537476,0.4124659276105012
10/24/2025,CAP MONETAIRE PREMIERE,1.0,209552.24,0.04,1.17,2.69,6.02,9.13,12.65,monétaire,0.018013960819635216,0.04463040446304046,0.06308390426194502,0.03501288260111875,0.157,0.006502395619438743,0.9934976043805612,174.78571428571425,0.3291828654443827,0.3291828654443827,0.4108092939879307
10/3/2025,CAP MONETAIRE PREMIERE,1.0,"209,274.57",0.04,1.18,2.74,6.08,9.09,12.61,monétaire,0.019139833370862426,0.04425848442584845,0.06272800071180709,0.03539306215554716,0.158,0.006616472735569244,0.9933835272644308,174.57142857142853,0.32867883904561823,0.32867883904561823,0.41077593475523355
10/31/2025,CAP MONETAIRE PREMIERE,1.0,209643.17,0.04,1.16,2.67,6.01,9.12,12.64,monétaire,0.01756361179914434,0.04453742445374243,0.06299492837441054,0.03474201891057701,0.156,0.006388318503308238,0.9936116814966918,174.49999999999997,0.3285108302460301,0.3285108302460301,0.4105335610870473
10/3/2025,ATTIJARI DIVIDEND FUND,60.0,"1,168.21",-2.32,9.51,26.39,40.34,45.61,69.3,actions,0.5516775501013286,0.38382147838214786,0.5671323071447638,0.5044116799942614,3.271,0.36173853524982885,0.6382614647501712,58.38842975206612,0.055402112746910176,0.055402112746910176,0.40986374524682895
10/24/2025,ATTIJARI MINETAIRE PLUS,6.0,227.55,0.03,1.07,2.57,5.81,8.37,11.39,obligataire court terme,0.015311866696689935,0.03756392375639237,0.05187294243260077,0.029299698961782833,0.137,0.004220853296828657,0.9957791467031714,171.76923076923075,0.3220877246002367,0.3220877246002367,0.4070799409757355
10/31/2025,FCP CAP INSTITUTIONS,3.0,674998.25,0.06,1.28,2.95,6.72,9.96,13.71,obligataire court terme,0.023868498086016675,0.05234774523477453,0.07251534834059972,0.04214164228156064,0.188,0.01003878621948437,0.9899612137805156,166.375,0.30939982929287724,0.30939982929287724,0.4066649698346421
10/10/2025,ATTIJARI DIVERSIFIE,48.0,726.28,-0.83,9.13,15.62,28.92,32.54,41.13,diversifié,0.3091646025669894,0.2622966062296606,0.31648723196013884,0.29656872954442065,1.7429999999999999,0.1874287018024184,0.8125712981975816,96.01075268817205,0.14389445114589458,0.14389445114589458,0.4055672166208111
11/14/2025,CAP MONETAIRE PREMIERE,1.0,209858.49,0.05,1.15,2.65,6.0,9.2,12.71,monétaire,0.01711326277865346,0.04528126452812644,0.0636177595871519,0.03486456266519504,0.16499999999999998,0.007415012548482773,0.9925849874515172,163.73333333333332,0.3031863038547752,0.3031863038547752,0.4026772124579657
11/14/2025,ATTIJARI MONETAIRE PLUS,6.0,227.93,0.04,1.09,2.56,5.79,8.79,11.48,obligataire court terme,0.015086692186444497,0.04146908414690841,0.05267372542041108,0.030518816421376993,0.14900000000000002,0.0055897786903947085,0.9944102213096053,163.07142857142856,0.3016294223119249,0.3016294223119249,0.40101941965500987
11/21/2025,FCP CAP INSTITUTIONS,3.0,675412.39,-0.07,1.17,2.87,6.53,10.22,13.81,obligataire court terme,0.022067102004053145,0.05476522547652255,0.07340510721594448,0.04214414008817223,0.187,0.00992470910335387,0.9900752908966461,158.23529411764704,0.2902542382927502,0.2902542382927502,0.40095651479208777
10/3/2025,ATTIJARI TRESORERIE,1.0,"5,588.27",0.02,0.97,2.3,5.13,7.54,9.98,monétaire,0.009232154920063046,0.029846582984658303,0.039327342290239355,0.021435520813476883,0.117,0.0019393109742185735,0.9980606890257814,165.16666666666666,0.30655768043317755,0.30655768043317755,0.3999597191630784
10/10/2025,PATRIMOINE OBLIGATIONS,24.0,424.89,-0.17,3.1,6.19,13.88,15.42,15.91,obligataire moyen et long terme,0.09682503940553933,0.10311483031148305,0.0920900435981849,0.09776497751585156,0.48,0.0433493041295916,0.9566506958704084,138.96296296296293,0.24492334117685513,0.24492334117685513,0.39957820212051964
11/21/2025,OBLIDYNAMIC,6.0,207,-0.06,1.16,2.98,6.49,9.55,12.46,obligataire court terme,0.024544021616752988,0.048535564853556486,0.061393362398789945,0.039111352744201425,0.176,0.00866986082591832,0.9913301391740816,156.1875,0.2854375742516162,0.2854375742516162,0.3986748551253899
10/3/2025,ATTIJARI PATRIMOINE VALEURS,60.0,123.58,-3.05,9.31,28.86,44.84,50.62,73.85,actions,0.6072956541319523,0.43040446304044633,0.6076163359729513,0.5542924331727003,3.981,0.4427332877024869,0.5572667122975131,48.67619047619047,0.03255772947817058,0.03255772947817058,0.39866430580178525
10/24/2025,ATTIJARI PATRIMOINE TAUX,24.0,3938.13,0.04,0.71,3.29,9.59,9.3,9.06,obligataire moyen et long terme,0.03152443143436163,0.046211064621106475,0.031141560637067363,0.03585384723092623,0.11099999999999999,0.0012548482774355461,0.9987451517225645,154.6428571428571,0.2818043839605222,0.2818043839605222,0.3985063995972965
11/21/2025,ATTIJARI PATRIMOINE VALEURS,60.0,119.53,-2.47,1.31,19.2,45.47,55.62,57.25,actions,0.38977707723485705,0.47689446768944677,0.4599163626657176,0.42994015145740605,2.601,0.28530686744239103,0.7146931325576089,51.38910505836575,0.03893883879088127,0.03893883879088127,0.3980656519875095
10/3/2025,ATTIJARI PATRIMOINE TAUX,24.0,"3,949.32",-0.05,1.32,3.88,10.0,9.59,9.45,obligataire moyen et long terme,0.04480972753884261,0.04890748489074848,0.034611620250912,0.04399943328682825,0.182,0.009354323522701347,0.9906456764772986,152.79999999999995,0.2774697569311477,0.2774697569311477,0.3980344033372652
10/17/2025,ATTIJARI MINETAIRE PLUS,6.0,227.49,0.04,1.11,2.61,5.88,8.28,11.41,obligataire court terme,0.016212564737671693,0.036727103672710364,0.05205089420766972,0.029534592312182903,0.15100000000000002,0.005817932922655719,0.9941820670773442,159.28571428571425,0.2927249559337525,0.2927249559337525,0.39788594382820214
11/21/2025,ATTIJARI DIVIDEND FUND,60.0,1131.11,-2.14,1.99,18.02,40.94,52.28,53.08,actions,0.3632064850258951,0.4458391445839145,0.42281341756384017,0.3999176694008899,2.339,0.2554186630161989,0.744581336983801,55.08035714285714,0.047621118434578835,0.047621118434578835,0.3976278043858699
11/14/2025,ATTIJARI ACTIONS,60.0,939.71,-3.32,6.21,24.76,53.13,67.37,70.32,actions,0.5149741049313219,0.5861459786145979,0.5762078476732805,0.5485724155846965,3.941,0.4381702030572667,0.5618297969427333,47.5,0.0297911845782856,0.0297911845782856,0.3969152606901843
10/31/2025,OBLIDYNAMIC,6.0,206.85,0.06,1.35,3.05,6.66,9.21,12.34,obligataire court terme,0.026120243188471066,0.04537424453742447,0.060325651748376195,0.03873752530513811,0.195,0.010837326032397903,0.989162673967602,153.75,0.2797042739656703,0.2797042739656703,0.3961550945020369
11/7/2025,CAP MONETAIRE PREMIERE,1.0,209762.52,0.06,1.16,2.67,6.01,9.23,12.68,monétaire,0.01756361179914434,0.045560204556020466,0.06335083192454843,0.035120033651288,0.176,0.00866986082591832,0.9913301391740816,153.625,0.279410258566391,0.279410258566391,0.395270132782657
10/17/2025,CAP MONETAIRE PREMIERE,1.0,209477.08,0.06,1.18,2.72,6.06,9.1,12.65,monétaire,0.018689484350371544,0.04435146443514645,0.06308390426194502,0.035266962358118714,0.178,0.00889801505817933,0.9911019849418207,152.9375,0.27779317387035507,0.27779317387035507,0.3947753325869002
11/7/2025,FCP CAP INSTITUTIONS,3.0,675530.67,0.08,1.33,2.97,6.72,10.04,13.8,obligataire court terme,0.02431884710650755,0.05309158530915852,0.07331613132841,0.04275012541168333,0.21300000000000002,0.012890714122746982,0.987109285877253,148.94444444444446,0.2684010152822671,0.2684010152822671,0.3937531405125293
10/17/2025,FCP ATTIJARI GOLD,60.0,2457.62,6.25,26.16,43.66,87.62,111.88,117.59,contractuel,0.9405539292952038,1.0,0.996796868048759,0.9696363382573536,8.866,1.0,0.0,43.01259842519685,0.019236263252347993,0.019236263252347993,0.39362541427864584
10/3/2025,FCP CAP INSTITUTIONS,3.0,"673,764.54",0.08,1.31,3.05,6.81,9.84,13.68,obligataire court terme,0.026120243188471066,0.05123198512319851,0.07224842067799625,0.042879401266794334,0.21100000000000002,0.012662559890485972,0.9873374401095141,147.61111111111111,0.2652648510232881,0.2652648510232881,0.39293244784655834
10/3/2025,ATTIJARI MINETAIRE PLUS,6.0,227.38,0.05,1.13,2.69,5.93,8.32,11.43,obligataire court terme,0.018013960819635216,0.037099023709902375,0.05222884598273867,0.030582456719336057,0.16299999999999998,0.007186858316221763,0.9928131416837782,149.59999999999997,0.2699429627095983,0.2699429627095983,0.39105981400574735
10/24/2025,ATTIJARI TRESORERIE,1.0,5593.92,0.03,0.95,2.26,5.07,7.58,10.02,monétaire,0.008331456879081288,0.0302185030218503,0.03968324584037725,0.021167928514171187,0.125,0.002851927903262606,0.9971480720967374,152.76923076923077,0.27739738390978674,0.27739738390978674,0.3908308082076257
10/17/2025,ATTIJARI TRESORERIE,1.0,5592.16,0.03,0.96,2.28,5.1,7.55,10.02,monétaire,0.008781805899572163,0.029939562993956302,0.03968324584037725,0.02130942101604842,0.126,0.002966005019393111,0.9970339949806069,152.6923076923077,0.2772164513563842,0.2772164513563842,0.3907989023075167
10/31/2025,ATTIJARI MINETAIRE PLUS,6.0,227.67,0.05,1.06,2.56,5.81,8.45,11.39,obligataire court terme,0.015086692186444497,0.03830776383077638,0.05187294243260077,0.029410263728975317,0.15600000000000003,0.006388318503308241,0.9936116814966918,149.33333333333331,0.2693157298578025,0.2693157298578025,0.3906423288979384
10/17/2025,FCP CAP INSTITUTIONS,3.0,674395.94,0.09,1.34,3.0,6.79,9.83,13.72,obligataire court terme,0.024994370637243864,0.05113900511390051,0.07260432422813418,0.04235975169841892,0.224,0.014145562400182525,0.9858544375998175,139.73684210526315,0.24674360025699357,0.24674360025699357,0.38672331203641086
11/14/2025,ATTIJARI TRESORERIE,1.0,5601.06,0.04,0.94,2.23,5.05,7.69,10.1,monétaire,0.007655933348344968,0.03124128312412832,0.04039505294065308,0.021279362199541595,0.134,0.0038786219484371453,0.9961213780515629,142.99999999999997,0.25441894962765255,0.25441894962765255,0.3836738431835813
10/10/2025,ATTIJARI TRESORERIE,1.0,5590.37,0.04,0.97,2.31,5.12,7.56,9.99,monétaire,0.00945732943030849,0.0300325430032543,0.03941631817777382,0.0216216912516853,0.137,0.004220853296828657,0.9957791467031714,141.85714285714283,0.25173080883424204,0.25173080883424204,0.3829016631618981
10/31/2025,ATTIJARI TRESORERIE,1.0,5596.13,0.04,0.94,2.25,5.06,7.59,10.03,monétaire,0.00810628236883585,0.0303114830311483,0.039772221727911734,0.021101030439344762,0.134,0.0038786219484371453,0.9961213780515629,141.9285714285714,0.25189881763383015,0.25189881763383015,0.38284647088135576
10/24/2025,ATTIJARI ACTIONS,60.0,976.43,4.8,12.97,35.96,58.43,72.74,79.33,actions,0.7671695564062149,0.6360762436076244,0.6563751223418454,0.7056826757537638,6.0969999999999995,0.6841204654346338,0.3158795345653662,38.3734693877551,0.008324460242335838,0.008324460242335838,0.37953426874381613
10/3/2025,ATTIJARI PATRIMOINE DIVERSIFIE,48.0,"5,645.84",-1.79,5.7,18.35,33.75,37.77,48.34,diversifié,0.37063724386399466,0.3109251510925152,0.3806388468724976,0.3547239366342514,2.3600000000000003,0.2578142824549396,0.7421857175450604,55.26984126984127,0.04806680844459743,0.04806680844459743,0.37896533245059794
11/21/2025,ATTIJARI MINETAIRE PLUS,6.0,227.77,-0.07,0.94,2.48,5.65,8.67,11.46,obligataire court terme,0.013285296104480974,0.04035332403533241,0.05249577364534213,0.029247799991908636,0.164,0.007300935432352272,0.9926990645676478,133.0,0.2308977176853105,0.2308977176853105,0.3787781546726509
11/7/2025,ATTIJARI MINETAIRE PLUS,6.0,227.84,0.07,1.11,2.58,5.82,8.55,11.47,obligataire court terme,0.01553704120693538,0.0392375639237564,0.0525847495328766,0.03005673968716993,0.18100000000000002,0.009240246406570845,0.9907597535934292,132.94117647058823,0.23075935749741436,0.23075935749741436,0.37847842920212105
10/31/2025,PATRIMOINE OBLIGATIONS,24.0,426.12,0.26,2.32,6.15,13.94,16.07,16.24,obligataire moyen et long terme,0.09592434136455755,0.10915853091585312,0.09502624788682268,0.09971497953439924,0.492,0.044718229523157654,0.9552817704768424,106.83333333333331,0.1693504941028486,0.1693504941028486,0.37727567118766697
11/7/2025,ATTIJARI TRESORERIE,1.0,5599.1,0.05,0.95,2.25,5.06,7.69,10.08,monétaire,0.00810628236883585,0.03124128312412832,0.04021710116558413,0.021468946354773248,0.14500000000000002,0.005133470225872691,0.9948665297741273,133.46666666666667,0.23199537517595312,0.23199537517595312,0.37664615002693336
11/21/2025,ATTIJARI MONETAIRE JOUR,0.033,236.96,0.03,0.84,1.89,4.35,6.81,8.99,monétaire,0.0,0.023059042305904227,0.030518729424326006,0.01302145857663647,0.11399999999999999,0.001597079625827058,0.9984029203741729,136.07692307692307,0.23813501982141574,0.23813501982141574,0.3761699654893312
11/7/2025,ATTIJARI MONETAIRE JOUR,0.033,236.81,0.03,0.86,1.92,4.39,6.81,8.94,monétaire,0.0006755235307363203,0.023059042305904227,0.030073849986653613,0.013270244454470151,0.11599999999999999,0.0018252338580880666,0.9981747661419119,135.92307692307693,0.2377731547146105,0.2377731547146105,0.3760924740387448
11/14/2025,ATTIJARI MONETAIRE JOUR,0.033,236.88,0.03,0.85,1.9,4.37,6.79,8.97,monétaire,0.00022517451024543778,0.02287308228730823,0.030340777649257057,0.0130426674711666,0.11499999999999999,0.0017111567419575632,0.9982888432580425,135.84615384615384,0.23759222216120782,0.23759222216120782,0.3759813866142417
10/24/2025,ATTIJARI MONETAIRE JOUR,0.033,236.65,0.03,0.87,1.94,4.41,6.8,8.9,monétaire,0.0011258725512272028,0.022966062296606228,0.029717946436515714,0.013396344251898612,0.11699999999999999,0.0019393109742185718,0.9980606890257814,135.69230769230768,0.23723035705440257,0.23723035705440257,0.37594585152481463
10/31/2025,ATTIJARI MONETAIRE JOUR,0.033,236.73,0.03,0.86,1.92,4.4,6.8,8.92,monétaire,0.0006755235307363203,0.022966062296606228,0.029895898211584664,0.01320676009666696,0.11599999999999999,0.0018252338580880666,0.9981747661419119,135.69230769230768,0.23723035705440257,0.23723035705440257,0.37590424099756115
10/17/2025,ATTIJARI MONETAIRE JOUR,0.033,236.57,0.03,0.87,1.95,4.43,6.79,8.88,monétaire,0.0013510470614726405,0.02287308228730823,0.02953999466144675,0.01344544714921814,0.11699999999999999,0.0019393109742185718,0.9980606890257814,135.53846153846155,0.23686849194759738,0.23686849194759738,0.3758569331517009
10/10/2025,ATTIJARI MONETAIRE JOUR,0.033,236.49,0.03,0.87,1.96,4.44,6.79,8.86,monétaire,0.0015762215717180783,0.02287308228730823,0.02936204288637779,0.013522444049327065,0.11699999999999999,0.0019393109742185718,0.9980606890257814,135.46153846153845,0.2366875593941947,0.2366875593941947,0.3758334521457236
10/3/2025,ATTIJARI MONETAIRE JOUR,0.033,236.41,0.03,0.87,1.97,4.45,6.78,8.84,monétaire,0.001801396081963523,0.02278010227801023,0.02918409111130884,0.013571546946646598,0.11699999999999999,0.0019393109742185718,0.9980606890257814,135.3076923076923,0.2363256942873894,0.2363256942873894,0.37574453377260986
11/7/2025,OBLIDYNAMIC,6.0,207.05,0.1,1.39,3.09,6.68,9.35,12.45,obligataire court terme,0.02702094122945283,0.04667596466759646,0.06130438651125545,0.039774137317256444,0.239,0.01585671914214009,0.98414328085786,124.45,0.210787064374608,0.210787064374608,0.3743887584966429
11/14/2025,ATTIJARI PATRIMOINE VALEURS,60.0,122.56,-3.4,5.51,22.3,49.14,61.48,64.24,actions,0.45958117541094357,0.5313807531380753,0.5221105080523178,0.49362691525735797,3.9509999999999996,0.43931097421857174,0.5606890257814283,42.29142857142857,0.01753998291231712,0.01753998291231712,0.37091946871106685
10/3/2025,ATTIJARI DIVERSIFIE,48.0,732.35,-1.51,6.32,16.56,29.64,32.5,43.29,diversifié,0.3303310065300608,0.2619246861924686,0.33570602366758606,0.31088411385628817,2.142,0.2329454711384896,0.7670545288615104,57.36024844720496,0.05298370365186822,0.05298370365186822,0.3703651152965288
10/3/2025,WG OBLIGATIONS,24.0,177.13,-0.03,2.22,4.94,11.03,4.79,5.98,obligataire moyen et long terme,0.06867822562485928,0.004277080427708038,0.0037369872764480908,0.03636963439603167,0.252,0.017339721651836643,0.9826602783481634,120.84615384615385,0.20231037424769474,0.20231037424769474,0.3700390495371701
11/7/2025,ATTIJARI PATRIMOINE TAUX,24.0,"3,949.04",0.1,0.69,3.41,9.72,9.84,9.31,obligataire moyen et long terme,0.034226525557306924,0.05123198512319851,0.03336595782542932,0.03915604988069887,0.16899999999999998,0.00787132101300479,0.9921286789869952,112.80000000000001,0.18338482916177948,0.18338482916177948,0.368316472396912
10/10/2025,ATTIJARI PATRIMOINE TAUX,24.0,3945.5,-0.1,1.22,3.7,9.93,9.57,9.34,obligataire moyen et long terme,0.04075658635442469,0.048721524872152484,0.03363288548803275,0.04172132773646464,0.222,0.013917408167921514,0.9860825918320785,113.05,0.183972859960338,0.183972859960338,0.3677051666323108
11/14/2025,ATTIJARI DIVIDEND FUND,60.0,1155.82,-3.02,6.13,20.45,43.82,57.43,59.73,actions,0.41792389101553706,0.493723849372385,0.48198238277426814,0.45347557687433765,3.633,0.4030344512890714,0.5969655487109287,44.105769230769226,0.021807535659394472,0.021807535659394472,0.367022156060832
11/21/2025,ATTIJARI PATRIMOINE DIVERSIFIE,48.0,5508.99,-1.74,0.43,12.62,32.54,41.03,39.52,diversifié,0.24161224949335736,0.34123663412366345,0.3021621140670878,0.2836095377971953,1.783,0.1919917864476386,0.8080082135523614,50.63586956521739,0.03716713611672656,0.03716713611672656,0.36699642001960453
11/14/2025,PATRIMOINE OBLIGATIONS,24.0,425.06,-0.35,1.69,5.64,13.26,16.17,16.17,obligataire moyen et long terme,0.0844404413420401,0.11008833100883314,0.09440341667408136,0.09412740330848626,0.5189999999999999,0.04779831165868126,0.9522016883413187,84.40000000000002,0.11658453044552797,0.11658453044552797,0.3582868269594485
10/24/2025,ATTIJARI PATRIMOINE VALEURS,60.0,127.23,4.85,12.12,32.78,54.31,66.84,72.81,actions,0.6955640621481649,0.5812180381218038,0.5983628436693657,0.6418200112444967,6.061999999999999,0.6801277663700661,0.3198722336299339,34.83434343434344,0.0,0.0,0.35268967458677886
11/21/2025,ATTIJARI DIVERSIFIE,48.0,715.36,-1.57,1.21,11.56,27.49,32.53,36.14,diversifié,0.2177437514073407,0.26220362622036264,0.2720882640804342,0.24195061638586599,1.691,0.18149669176363223,0.8185033082363677,48.04191616766467,0.031065838165580173,0.031065838165580173,0.35165099047493076
10/24/2025,ATTIJARI DIVIDEND FUND,60.0,1196.51,4.35,11.48,29.88,48.52,60.72,68.07,actions,0.6302634541769873,0.5243142724314273,0.556188272978023,0.5836636634135264,5.497999999999999,0.6157882728724617,0.38421172712753826,35.656179775280904,0.0019330603193835894,0.0019330603193835894,0.34930890159948713
10/10/2025,WG OBLIGATIONS,24.0,177,-0.07,2.21,4.75,10.93,4.71,5.87,obligataire moyen et long terme,0.0643999099301959,0.0035332403533240297,0.002758252513568822,0.033811577573808926,0.29100000000000004,0.02178872918092631,0.9782112708190737,90.1764705882353,0.13017150089692792,0.13017150089692792,0.346039462544324
11/14/2025,ATTIJARI PATRIMOINE DIVERSIFIE,48.0,5606.3,-2.38,3.24,14.57,35.01,44.13,43.64,diversifié,0.28552127899121826,0.37006043700604374,0.3388201797312928,0.32154280654368084,2.7039999999999997,0.29705681040383297,0.7029431895961671,41.266129032258064,0.015128352085196528,0.015128352085196528,0.3440385851218814
11/14/2025,ATTIJARI DIVERSIFIE,48.0,726.77,-1.87,3.89,13.26,29.74,35.37,39.45,diversifié,0.25602341814906554,0.2886099488609949,0.3015392828543465,0.27490255030370053,2.2590000000000003,0.24629249372575868,0.7537075062742413,44.710659898477154,0.023230313028886104,0.023230313028886104,0.34304236591241843
10/31/2025,ATTIJARI PATRIMOINE TAUX,24.0,3945.09,0.18,0.77,3.42,9.71,9.56,9.23,obligataire moyen et long terme,0.03445170006755236,0.048628544862854485,0.03265415072515349,0.03834524363766322,0.257,0.01791010723248916,0.9820898927675108,79.32142857142857,0.1046391047948099,0.1046391047948099,0.3413567967237615
11/21/2025,PATRIMOINE OBLIGATIONS,24.0,423.11,-0.46,1.01,5.2,12.57,15.46,15.58,obligataire moyen et long terme,0.07453276289124072,0.10348675034867505,0.08915383930954712,0.0861431744121323,0.561,0.052589550536162454,0.9474104494638376,64.71428571428571,0.07028130527903162,0.07028130527903162,0.33976479618771366
10/24/2025,ATTIJARI DIVERSIFIE,48.0,741.03,2.3,7.51,17.71,32.87,37.52,42.85,diversifié,0.3562260752082865,0.30860065086006516,0.33179108461606904,0.3370514497853766,3.0509999999999997,0.3366415697011179,0.6633584302988821,40.866666666666674,0.014188767389865367,0.014188767389865367,0.33808473922077487
10/24/2025,ATTIJARI PATRIMOINE DIVERSIFIE,48.0,5750.17,3.16,7.66,20.5,38.66,46.48,48.33,diversifié,0.41904976356676427,0.39191073919107394,0.38054987098496307,0.40320807773769696,3.926,0.4364590463153092,0.5635409536846908,35.371165644171775,0.0012626719709172979,0.0012626719709172979,0.33072431879176123
10/17/2025,ATTIJARI PATRIMOINE TAUX,24.0,3936.49,-0.23,0.76,3.35,9.62,9.26,9.07,obligataire moyen et long terme,0.03287547849583428,0.045839144583914464,0.031230536524601844,0.036435589928011845,0.306,0.02349988592288387,0.9765001140771161,65.69696969696969,0.07259269906730506,0.07259269906730506,0.32930207991453103
10/24/2025,WG OBLIGATIONS,24.0,176.98,0.12,1.84,4.47,10.67,4.52,5.72,obligataire moyen et long terme,0.05809502364332358,0.0017666201766620149,0.0014236142005516483,0.029862220714770724,0.304,0.02327173169062286,0.9767282683093771,66.86363636363635,0.07533684279391162,0.07533684279391162,0.32756442161689486
10/31/2025,WG OBLIGATIONS,24.0,177.21,0.13,1.84,4.52,10.76,4.6,5.8,obligataire moyen et long terme,0.05922089619455078,0.0025104602510460164,0.0021354213008274725,0.03079067043275469,0.314,0.024412502851927906,0.9755874971480721,64.8695652173913,0.07064654179987542,0.07064654179987542,0.32618647985748617
11/14/2025,ATTIJARI PATRIMOINE TAUX,24.0,3938.04,-0.28,0.17,2.97,9.19,10.0,9.24,obligataire moyen et long terme,0.02431884710650755,0.052719665271966525,0.03274312661268796,0.034523948457381326,0.29700000000000004,0.022473191877709332,0.9775268081222906,58.44736842105263,0.05554074375727061,0.05554074375727061,0.3237298449468209
10/17/2025,WG OBLIGATIONS,24.0,176.76,-0.14,1.84,4.47,10.7,4.33,5.68,obligataire moyen et long terme,0.05809502364332358,0.0,0.0010677106504137363,0.029261053951744536,0.324,0.025553274013232943,0.9744467259867671,60.33333333333333,0.059976765570957935,0.059976765570957935,0.3220314690480153
11/7/2025,WG OBLIGATIONS,24.0,177.56,0.2,1.83,4.64,10.85,4.84,5.97,obligataire moyen et long terme,0.06192299031749606,0.004741980474198042,0.0036480113889136023,0.03311369157879017,0.383,0.0322838238649327,0.9677161761350673,51.49999999999999,0.03919967735522242,0.03919967735522242,0.315320232678603
11/21/2025,ATTIJARI PATRIMOINE TAUX,24.0,3924.66,-0.34,-0.33,2.69,8.61,9.47,8.86,obligataire moyen et long terme,0.018013960819635216,0.04779172477917249,0.02936204288637779,0.029216906420844915,0.373,0.031143052703627654,0.9688569472963724,47.772727272727266,0.03043267272216764,0.03043267272216764,0.3114736485739
11/14/2025,WG OBLIGATIONS,24.0,177.09,-0.26,1.33,4.27,10.3,5.07,5.85,obligataire moyen et long terme,0.053591533438414767,0.006880520688052068,0.002580300738499866,0.029375983073322978,0.393,0.033424595026237736,0.9665754049737623,42.19444444444444,0.01731186429776521,0.01731186429776521,0.3069165740107874
11/21/2025,WG OBLIGATIONS,24.0,176.63,-0.26,0.95,4.02,9.87,4.96,5.56,obligataire moyen et long terme,0.04796217068227877,0.005857740585774054,0.0,0.0257384075168716,0.355,0.029089664613278575,0.9709103353867214,40.388888888888886,0.013064975197064552,0.013064975197064552,0.30548795618188446
11/21/2025,FCP ATTIJARI VALEURS ESG,60.0,176.64,-2.26,1.76,23.74,53.79,77.3,,actions,0.49200630488628694,0.6784751278475128,,,2.436,0.26648414328085784,0.7335158567191422,,,,
11/14/2025,FCP ATTIJARI VALEURS ESG,60.0,180.72,-3.28,5.74,26.52,57.37,81.34,,actions,0.5546048187345193,0.7160390516039052,,,3.854,0.42824549395391287,0.5717545060460871,,,,
11/7/2025,FCP ATTIJARI VALEURS ESG,60.0,186.85,-1.62,9.17,33.44,62.95,87.37,,actions,0.7104255798243639,0.7721059972105998,,,2.537,0.27800593201003876,0.7219940679899612,,,,
10/31/2025,FCP ATTIJARI VALEURS ESG,60.0,189.92,0.83,12.58,39.55,65.03,90.36,,actions,0.8480072055843279,0.799907019990702,,,2.088,0.2267853068674424,0.7732146931325576,,,,
10/24/2025,FCP ATTIJARI VALEURS ESG,60.0,188.35,5.04,12.15,38.87,63.61,88.69,,actions,0.8326953388876379,0.7843793584379358,,,6.255,0.7021446497832535,0.2978553502167465,,,,
10/17/2025,FCP ATTIJARI VALEURS ESG,60.0,179.31,-0.43,7.09,33.01,52.54,79.56,,actions,0.70074307588381,0.6994886099488611,,,1.139,0.1185261236595939,0.8814738763404061,,,,
10/10/2025,FCP ATTIJARI VALEURS ESG,60.0,180.09,-1.42,14.01,33.61,52.46,80.25,,actions,0.7142535464985365,0.7059042305904231,,,2.8209999999999997,0.31040383299110197,0.689596167008898,,,,
10/3/2025,FCP ATTIJARI VALEURS ESG,60.0,182.68,-2.66,9.94,34.8,53.8,82.77,,actions,0.7410493132177438,0.7293351929335193,,,3.654,0.405430070727812,0.594569929272188,,,,
